region,total_btc_bought
Africa,4270.857382345
Asia,4975.750641189
Australia,14266.979251682
India,4031.692578833
United States,25704.872086136
