txn_type,avg_fee
BUY,0.2547227371431598
SELL,0.2571018082734704
