region,avg_sales
AFRICA,4060658.9334150325
ASIA,3743941.977124183
OCEANIA,5448868.924019608
