item_name,profit
Broccoli,65147.835286279995
Net Lotus Root (1),50614.93527798
Wuhu Green Pepper (1),49702.12723129999
Xixia Mushroom (1),42282.91008952
Eggplant (2),32979.77421927
