region,total_quantity
Africa,7808.799824602
Asia,8702.572886926
Australia,36329.060333869
India,8513.859427221
United States,54694.694992021
