age_band,avg_transaction_value
Middle Aged,113.12596478174603
Retirees,114.0360988555316
Young Adults,103.48004464285714
unknown,111.88638558201058
