region,avg_sales_per_transaction
AFRICA,39.75305200915356
ASIA,33.3201815641011
CANADA,38.56543942231749
EUROPE,44.163779724761014
OCEANIA,36.70704749670838
SOUTH AMERICA,40.861619738570205
USA,43.64537600476615
