txn_type,total_quantity
BUY,95849.348294408
SELL,20199.639170231
