season,avg_sales
Fall,2392988.723628692
Spring,2391212.5079231523
Summer,2371490.872371741
